pg,id,x,y,w,h,ar,al,len,hash,segs
01,256:52,226.2,119.8,341.4,120,H,C,17,1l17vkx,0:17:55:60
02,256:55,54,24,180,15,H,L,8,15lhnc4,0:8:11:15
02,256:56,54,42,240,15,H,L,30,5171gt,0:30:10:15
02,256:57,54,80,686,34,H,L,10,1llnor1,0:10:30:34
02,256:59,54,535,300,15,H,L,37,1tzwir9,0:37:10:15
02,256:60,54,160,320,19,H,L,20,ql2g65,0:20:14:19
02,256:61,54,194,320,38,H,L,64,1t0twvh,0:64:14:19
02,256:62,54,232,320,15,H,L,8,18wlgxy,0:8:10:15
02,256:63,54,250,320,15,H,L,9,1ihh2c3,0:9:10:15
02,256:64,54,268,320,15,H,L,14,gr218n,0:14:10:15
02,256:65,54,283,320,38,H,L,62,5znil,0:62:14:19
02,256:66,54,312,320,15,H,L,16,1odd7nd,0:16:10:15
02,256:67,54,338,320,19,H,L,25,1plsx98,0:25:14:19
02,256:68,54,366,320,15,H,L,49,skh3we,0:49:10:15
02,256:69,54,386,320,15,H,L,50,10pi6wh,0:50:10:15
02,256:70,214,386,320,13,H,L,0,45h,
02,256:71,54,406,320,15,H,L,56,1a41dix,0:56:10:15
02,256:72,420,160,320,38,H,L,46,brco9q,0:46:14:19
02,256:73,420,190,320,18,H,L,27,1k5w7mu,0:27:12:18
02,256:74,420,213,320,15,H,L,13,1vxwlfl,0:13:10:15
02,256:75,420,231,320,15,H,L,17,3sdtxe,0:17:10:15
02,256:76,420,260,320,18,H,L,17,fvyd1x,0:17:12:18
02,256:77,513.5,260,226.5,14,H,L,0,45h,
02,256:78,420,284,320,30,H,L,64,uvgyuy,0:64:10:15
02,256:79,420,306.6,320,30,H,L,85,net16y,0:85:10:15
02,256:80,420,329.3,320,30,H,L,82,jv72gq,0:82:10:15
02,256:81,420,359,320,19,H,L,39,1s6yvh,0:39:14:19
02,256:82,420,387,320,15,H,L,52,qn78f2,0:52:10:15
02,256:83,420,407,320,30,H,L,60,1sfmvz6,0:60:10:15
03,256:87,560,24,180,15,H,L,8,15lhnc4,0:8:11:15
03,256:88,54,78,686,34,H,L,19,196ksk0,0:19:30:34
03,256:90,54,142.4,325,240,H,L,676,1aqz4f3,0:676:10:15
03,256:91,415,142.4,325,292,H,L,786,5arp0h,0:35:14:19|35:448:10:15|448:461:12:18|461:786:10:15
03,256:94,69.6,392.3,686,19,H,L,47,nk49f2,0:47:14:19
03,256:95,99,413.4,686,54,H,L,95,av1fuk,0:95:12:18
03,256:96,69.6,442.5,686,45,H,L,166,dbkbi2,0:166:10:15
03,256:97,69.6,428.4,686,18,H,L,4,yjk463,0:4:12:18
03,256:98,69.6,413.4,686,18,H,L,4,yjmagq,0:4:12:18
03,256:100,440,535,300,15,H,L,37,1tzwir9,0:37:10:15
04,256:105,54,24,180,15,H,L,8,15lhnc4,0:8:11:15
04,256:106,54,169.5,346,92,H,L,22,b0x4u6,0:22:41:46
04,256:107,54,273.5,346,48,H,L,33,11nuzma,0:33:20:24
04,256:109,54,343.5,346,19,H,L,18,1cjtuur,0:18:14:19
04,256:110,54,365.5,346,15,H,L,29,9iwl2i,0:29:10:15
05,256:114,560,24,180,15,H,L,8,15lhnc4,0:8:11:15
05,256:116,54,74,686,34,H,L,32,shhmdi,0:32:30:34
05,256:120,74,138.6,656,45,H,L,248,8387tn,0:248:10:15
05,256:121,54,199.8,330,19,H,L,19,1ixj904,0:19:14:19
05,256:122,410,197.8,330,19,H,L,33,q4dus4,0:33:14:19
05,256:123,54,227,312.4,288,H,L,924,1vel6vw,0:241:10:15|241:263:12:18|263:924:10:15
05,256:124,410,227,296.4,150,H,L,442,y0gk0g,0:442:10:15
05,256:126,440,535,300,15,H,L,37,1tzwir9,0:37:10:15
06,256:134,584,26,180,15,H,C,8,15lhnc4,0:8:10:15
06,256:135,54,99,480,46,H,L,13,it5n41,0:13:41:46
06,256:136,54,70,480,18,H,L,39,xpemis,0:39:12:18
06,256:138,54,179,224,150,H,L,274,16pq7om,0:274:10:15
06,256:139,54,286,224,19,H,L,10,5rwsih,0:10:14:19
06,256:141,54,309,224,72,H,L,95,1eboiau,0:95:12:18
06,256:142,54,156,480,19,H,L,20,3iajvf,0:20:14:19
06,256:143,310,388,224,19,H,L,12,7wwq2d,0:12:14:19
06,256:144,310,294,224,100,H,L,141,1nldu8m,0:141:10:15
06,384:10,310,454,224,135,H,L,226,1pdfw1x,0:226:10:15
06,256:147,309.6,411,224,36,H,L,52,7bj98a,0:52:12:18
06,368:2,309.8,179,224,165,H,L,412,8rni0s,0:412:10:15
07,256:150,560,24,180,15,H,L,8,15lhnc4,0:8:11:15
07,256:151,54,88,686,34,H,L,13,it5n41,0:13:30:34
07,256:152,54,164.7,330,20,H,L,19,1a3xrzf,0:19:16:20
07,256:153,54,184,330,72,H,L,118,hvbw0h,0:118:12:18
07,256:154,54,250,330,20,H,L,15,k2n4m,0:15:16:20
07,256:155,54,274,360,156,H,L,325,jp71pb,0:74:12:18|74:325:10:15
07,256:158,430,175,290,45,H,L,118,72f4xn,0:118:10:15
07,256:159,410,222.8,330,45,H,L,128,1vm8n5j,0:128:10:15
07,256:161,54,70,686,18,H,L,44,16bv6df,0:44:12:18
07,256:164,440,535,300,15,H,L,37,1tzwir9,0:37:10:15
08,256:166,54,24,180,15,H,L,8,15lhnc4,0:8:11:15
08,256:167,54,70,686,34,H,L,27,tneshf,0:27:30:34
08,256:168,54,112,686,18,H,L,76,92tqye,0:76:12:18
08,256:170,54.3,148.6,330,57,H,L,10,1n8jkfh,0:10:14:19
08,256:171,54.3,170.6,330,255,H,L,779,95e3o7,0:779:10:15
08,256:172,390.3,148.8,330,19,H,L,2,3hl5l,0:2:14:19
08,256:173,67.3,298.5,330,19,H,L,37,zt9uqd,0:37:14:19
08,256:174,54.3,298.5,330,19,H,L,2,3hl4q,0:2:14:19
08,256:175,54,321.3,336,135,H,L,423,fprvko,0:423:10:15
08,256:176,404,148.8,330,19,H,L,41,1jfam98,0:41:14:19
08,256:177,390,171.7,350,75,H,L,227,fxz84u,0:227:10:15
08,256:178,54,535,300,15,H,L,37,1tzwir9,0:37:10:15
08,256:181,390,216.9,330,19,H,L,2,3hl6g,0:2:14:19
08,256:182,403.9,215.6,330,19,H,L,41,13c703p,0:41:14:19
08,256:183,390.3,239.8,330,120,H,L,438,fc5s9v,0:438:10:15
09,256:185,560,24,180,15,H,L,8,15lhnc4,0:8:11:15
09,256:186,54,74,686,34,H,L,27,tneshf,0:27:30:34
09,256:188,54,434.1,330,54,H,L,70,6k1527,0:70:12:18
09,256:189,54,427.1,330,19,H,L,19,b2zray,0:19:14:19
09,256:190,54,235.4,330,20,H,L,17,o3mqw7,0:17:16:20
09,256:191,54,253.5,330,60,H,L,126,6aqghv,0:126:10:15
09,256:192,54,320.5,295.9,167,H,L,158,1fzkfs,0:25:12:18|25:158:10:15
09,256:195,54,156.3,339,105,H,L,423,o09rn0,0:423:10:15
09,256:196,54,138.1,330,20,H,L,21,5h9q60,0:21:16:20
09,256:198,440,535,300,15,H,L,37,1tzwir9,0:37:10:15
10,256:200,54,56,400,34,H,L,12,i8nnr9,0:12:30:34
10,256:201,54,110,400,18,H,L,40,1nyhuj5,0:40:12:18
10,256:207,54,152,400,120,H,L,498,1jb7tc8,0:498:10:15
10,256:208,54,282,400,90,H,L,367,ymuso,0:367:10:15
10,256:209,54,382,400,19,H,L,21,u75rlw,0:21:14:19
10,256:210,54,411,400,60,H,L,252,ep2sez,0:252:10:15
10,369:6,54,481,101.6,144,H,L,81,1k6o25b,0:81:12:18
10,369:8,54,635,180,60,H,C,101,h6rw8v,0:101:10:15
10,256:211,454,535,300,15,H,L,20,3iajvf,0:20:10:15
10,256:212,534,318,220,18,H,C,8,15lhnc4,0:8:12:18
10,256:213,534,376.2,220,36,H,L,37,1tzwir9,0:37:12:18
10,256:214,54,400,400,19,H,L,28,uciqm4,0:28:14:19
10,256:215,54,418.7,400,120,H,L,260,1c4wymh,0:260:10:15
11,256:224,560,24,180,15,H,L,8,15lhnc4,0:8:11:15
11,256:225,440,533.8,300,15,H,L,37,1tzwir9,0:37:10:15
11,256:226,54,184.3,686,46,H,L,22,b0x4u6,0:22:41:46
11,256:227,54,249.3,686,24,H,L,40,1tw6rcq,0:40:20:24
11,256:229,54,313.8,346,19,H,L,18,1cjtuur,0:18:14:19
11,256:230,54,339.8,346,18,H,L,28,e2yeh3,0:28:12:18
12,256:235,54,24,180,15,H,L,8,15lhnc4,0:8:11:15
12,256:236,54,535,300,15,H,L,37,1tzwir9,0:37:10:15
12,256:237,54,70,686,34,H,L,14,neotvf,0:14:30:34
12,256:238,54,108,686,19,H,L,74,1w6i5qu,0:74:14:19
12,256:240,52.4,145,330,165,H,L,556,1e2qu58,0:556:10:15
12,256:241,54,260.5,330,19,H,L,38,1r04too,0:38:14:19
12,256:242,54,283.9,364.9,135,H,L,398,1cz4oqs,0:398:10:15
12,256:243,433.7,144,330,19,H,L,28,ptewzw,0:28:14:19
12,256:244,433.7,166.1,342.5,135,H,L,397,1wbqxe7,0:397:10:15
12,256:245,488.6,181.1,330,18,H,L,36,rbl5bn,0:36:12:18
12,256:246,433.7,181.1,330,18,H,L,7,xt1pfe,0:7:12:18
12,256:247,433.7,320.9,330,38,H,L,35,1war50x,0:21:14:19|21:35:12:18
12,256:250,410,424.3,330,20,H,C,30,1hwyof2,0:30:16:20
13,256:253,560,24,180,15,H,L,8,15lhnc4,0:8:11:15
13,256:254,440,535,300,15,H,L,37,1tzwir9,0:37:10:15
13,256:255,54,74,686,34,H,L,14,neotvf,0:14:30:34
13,256:257,410,150,330,19,H,L,24,2wd8pg,0:24:14:19
13,256:258,410,172.5,330,90,H,L,296,icp1b0,0:296:10:15
13,256:259,410,251,330,19,H,L,40,77matn,0:40:14:19
13,256:260,410,273.5,330,30,H,L,103,t94tp9,0:103:10:15
14,256:274,74,26,180,15,H,C,8,15lhnc4,0:8:11:15
14,256:275,14,526.4,300,15,H,C,37,1tzwir9,0:37:10:15
14,256:276,54,185,686,92,H,L,30,1eysetn,0:30:41:46
14,256:277,340,296.3,400,24,H,L,13,g829hu,0:13:20:24
15,256:280,560,24,180,15,H,L,8,15lhnc4,0:8:11:15
15,256:281,54,72,686,34,H,L,33,ihgft8,0:33:30:34
15,256:283,54,139.5,330,226,H,L,591,12k2w32,0:9:14:19|9:514:10:15|514:591:14:19
15,256:284,54,346,429.7,258,H,L,906,b63901,0:124:10:15|124:204:12:18|204:421:10:15|421:484:12:18|484:906:10:15
15,256:285,54,310,396.7,40,H,L,66,80cyng,0:66:16:20
15,256:288,440,535,300,15,H,L,37,1tzwir9,0:37:10:15
16,256:290,54,24,180,15,H,L,8,15lhnc4,0:8:11:15
16,256:291,54,46.5,686,68,H,L,50,1rlf2g2,0:50:30:34
16,256:293,54,151.5,332.4,199,H,L,531,1pojzg3,0:502:10:15|502:531:12:18
16,256:294,397,151.5,330,306,H,L,826,1ymuedt,0:299:10:15|299:300:12:18|300:438:10:15|438:480:12:18|480:826:10:15
16,256:295,397,220.5,330,18,H,L,12,1m72wmg,0:12:12:18
16,256:296,485.7,220.5,330,18,H,L,11,1wslgua,0:11:12:18
16,256:297,54,129.1,330,20,H,L,18,1ujvfcc,0:18:16:20
16,256:298,55.2,315.5,330,20,H,L,34,c52mfe,0:34:16:20
16,256:299,397,132.1,330,20,H,L,31,w5ho4f,0:31:16:20
16,256:301,371.4,466.6,400,40,H,C,69,n6hecp,0:69:16:20
16,256:302,55.3,339.6,328.3,225,H,L,720,f7ve0v,0:720:10:15
16,256:304,54,535,300,15,H,L,37,1tzwir9,0:37:10:15
17,256:306,560,24,180,15,H,L,8,15lhnc4,0:8:11:15
17,256:307,440,535,300,15,H,L,39,o65qwl,0:39:10:15
17,256:308,54,74,686,15,H,L,10,4qeyac,0:10:10:15
17,256:309,54,96,686,19,H,L,38,68ejpc,0:38:14:19
17,256:310,53.3,117,686,34,H,L,15,1ge3w1q,0:15:30:34
17,256:312,55,174,330,294,H,L,948,1kq65n4,0:42:12:18|42:903:10:15|903:948:12:18
17,256:313,55.2,272,330,18,H,L,17,alqoju,0:17:12:18
17,256:314,55.1,258,330,18,H,L,17,1o2s7pd,0:17:12:18
17,256:315,420.3,174,330,256,H,L,756,1nsi64f,0:25:16:20|25:756:10:15
17,256:316,420.3,370,330,40,H,L,36,1iqw9lq,0:36:16:20
17,256:317,420.3,391,327.8,138,H,L,322,g4jpu1,0:137:10:15|137:160:12:18|160:322:10:15
17,256:322,235.2,442.7,56,20,H,C,3,374cqp,0:3:16:20
18,256:326,54,24,180,15,H,L,8,15lhnc4,0:8:10:15
18,256:327,54,535,300,15,H,L,37,1tzwir9,0:37:10:15
18,256:328,54,555,686,46,H,C,25,n9boov,0:25:41:46
18,256:330,54,612,327,19,H,C,27,1k5w7mu,0:27:14:19
18,256:331,413,611.8,327,19,H,C,18,r2vd5h,0:18:14:19
18,256:337,30.9,355,200,18,H,C,11,fi5z43,0:11:12:18
18,256:338,222.4,355,145,18,H,C,15,1qmvy68,0:15:12:18
18,256:339,398.9,471.5,111,18,H,C,15,gck42v,0:15:12:18
18,256:340,511.9,471.5,111,36,H,C,25,7k3z5o,0:25:12:18
18,256:342,630.6,77,6,270,H,C,20,guaxpd,0:20:10:15
19,256:347,560,24,180,15,H,L,8,15lhnc4,0:8:11:15
19,256:348,525,530.5,300,15,H,L,37,1tzwir9,0:37:10:15
19,256:350,54,120,686,46,H,L,28,6llkkc,0:28:41:46
19,256:351,54,200,346,24,H,L,11,fi5z43,0:11:20:24
19,256:352,54,236,346,24,H,L,15,1qmvy68,0:15:20:24
19,256:353,54,276,346,45,H,L,124,z2igj7,0:124:10:15
20,256:357,54,24,180,15,H,L,8,15lhnc4,0:8:11:15
20,256:358,54,535,300,15,H,L,37,1tzwir9,0:37:10:15
20,256:359,54,56,686,34,H,L,11,fi5z43,0:11:30:34
20,256:360,54,98.5,686,18,H,L,41,ocenpn,0:41:12:18
20,256:361,54,118.1,686,18,H,L,77,v96m8w,0:77:12:18
20,256:363,54,151,686,40,H,L,128,1kw4x4x,0:128:16:20
20,256:364,54,183,320,120,H,L,401,o0uerq,0:401:10:15
20,256:365,54,259,320,45,H,L,110,68zenx,0:110:10:15
20,256:366,437,183,320,19,H,L,20,3iajvf,0:20:14:19
20,256:367,437,203,320,90,H,L,173,1px2hys,0:173:10:15
20,256:368,437,301,320,19,H,L,9,1sqy4ub,0:9:14:19
20,256:369,437,321,320,60,H,L,177,13s1jpz,0:177:10:15
20,256:370,437,400,320,19,H,L,8,16d23k7,0:8:14:19
20,256:371,437,420,320,60,H,L,168,u3n3l,0:168:10:15
21,256:375,560,24,180,15,H,L,8,15lhnc4,0:8:11:15
21,256:376,440,535,300,15,H,L,37,1tzwir9,0:37:10:15
21,256:377,54,56,686,34,H,L,15,1qmvy68,0:15:30:34
21,256:378,54,98.6,686,18,H,L,38,sowgl1,0:38:12:18
21,256:379,54,119.8,686,18,H,L,70,jp32jm,0:70:12:18
21,256:381,54,151,368.2,30,H,L,121,18oq2hr,0:121:10:15
21,256:383,542,426,200,54,H,C,64,983t43,0:64:12:18
21,256:384,54,188,454,30,H,L,105,10r7vwn,0:105:10:15
21,256:385,54,208.5,454,60,H,L,265,q8k7j0,0:265:10:15
21,256:386,54,260.7,454,150,H,L,522,11gnfzu,0:522:10:15
21,256:388,54,357.2,454,105,H,L,425,clhhn0,0:425:10:15
22,256:393,54,24,180,15,H,L,8,15lhnc4,0:8:11:15
22,256:394,54,535,300,15,H,L,37,1tzwir9,0:37:10:15
22,256:395,54,80,686,46,H,L,16,93a9jr,0:16:41:46
22,256:396,418.1,64,80,24,H,L,1,3mh3,0:1:20:24
22,256:398,54,160,686,19,H,L,64,154lgb0,0:64:14:19
22,256:399,54,194,686,38,H,L,86,1khr9lx,0:86:14:19
22,256:400,54,232,686,38,H,L,88,tz3r9w,0:88:14:19
23,256:408,54,56,400,34,H,L,15,gck42v,0:15:30:34
23,256:409,54,106,400,18,H,L,16,xtkcyw,0:16:12:18
23,256:410,54,122,400,18,H,L,46,f1ghkq,0:46:12:18
23,256:416,54,164,400,45,H,L,165,xysjuj,0:165:10:15
23,256:417,54,219,400,60,H,L,279,qr6j3f,0:279:10:15
23,256:418,54,289,400,60,H,L,262,vt0v8y,0:262:10:15
23,256:419,54,359,400,20,H,L,9,1sqy4ub,0:9:16:20
23,256:420,54,389,400,75,H,L,350,u6j3vl,0:350:10:15
23,256:421,554,24,180,15,H,C,8,15lhnc4,0:8:11:15
23,256:422,454,535,300,15,H,L,37,1tzwir9,0:37:10:15
23,256:423,534,432,220,36,H,C,49,g7eu6y,0:49:12:18
23,256:427,226,428,56,20,H,C,4,yhw4qy,0:4:16:20
24,256:429,54,24,180,15,H,L,8,15lhnc4,0:8:11:15
24,256:430,54,535,300,15,H,L,37,1tzwir9,0:37:10:15
24,256:431,54,47.5,686,34,H,L,15,gck42v,0:15:30:34
24,256:432,54,94,686,18,H,L,16,xtkcyw,0:16:12:18
24,256:433,54,117,686,18,H,L,46,f1ghkq,0:46:12:18
24,256:436,54,150,330,20,H,L,28,1mhkuwg,0:28:16:20
24,256:437,54,180,330,38,H,L,47,kruf8h,0:47:14:19
24,256:438,54,228,330,60,H,L,226,1qr5odv,0:226:10:15
24,256:439,54,298,330,19,H,L,24,9e64m,0:24:14:19
24,256:440,54,327,330,45,H,L,167,1t2lvwt,0:167:10:15
24,256:441,54,382,330,19,H,L,29,xcr6ht,0:29:14:19
24,256:442,54,411,330,60,H,L,192,impyyh,0:192:10:15
24,256:444,410,150,330,19,H,L,10,1vsp91j,0:10:14:19
24,256:445,410,179,330,45,H,L,167,13opz41,0:167:10:15
24,256:446,410,234,330,19,H,L,28,pfltk3,0:28:14:19
24,256:447,410,263,330,60,H,L,171,fjqjot,0:171:10:15
24,256:448,410,333,330,19,H,L,38,jvh1lv,0:38:14:19
24,256:449,410,362,330,60,H,L,179,lzajqp,0:179:10:15
24,256:450,410,432,330,19,H,L,17,o3mqw7,0:17:14:19
24,256:451,410,461,330,105,H,L,351,1m95jiz,0:351:10:15
25,256:454,54,56,400,68,H,L,25,7k3z5o,0:25:30:34
25,256:455,54,139,400,18,H,L,16,xtkcyw,0:16:12:18
25,256:456,54,160,400,18,H,L,60,4zrft7,0:60:12:18
25,256:462,54,202,400,90,H,L,328,1f6hxzd,0:328:10:15
25,256:463,54,302,400,19,H,L,9,zi9s4f,0:9:14:19
25,256:464,54,331,400,75,H,L,281,tjqau3,0:281:10:15
25,256:465,554,24,180,15,H,C,8,15lhnc4,0:8:11:15
25,256:466,454,535,300,15,H,L,37,1tzwir9,0:37:10:15
25,256:467,534,432,220,30,H,C,49,g7eu6y,0:49:10:15
25,256:471,226,429.5,56,20,H,C,4,yhwusp,0:4:16:20
26,256:473,54,24,180,15,H,L,8,15lhnc4,0:8:11:15
26,256:474,54,535,300,15,H,L,37,1tzwir9,0:37:10:15
26,256:475,54,48.4,686,34,H,L,25,7k3z5o,0:25:30:34
26,256:476,54,94.2,686,18,H,L,16,xtkcyw,0:16:12:18
26,256:477,54,117,686,18,H,L,73,1p22xh0,0:73:12:18
26,256:481,54,150,330,20,H,L,28,1mhkuwg,0:28:16:20
26,256:482,54,180,330,38,H,L,47,krtp6q,0:47:14:19
26,256:483,54,228,330,30,H,L,105,bhjyyu,0:105:10:15
26,256:484,54,268,330,19,H,L,20,1iuss94,0:20:14:19
26,256:485,54,297,330,45,H,L,137,r0jci9,0:137:10:15
26,256:486,54,352,330,19,H,L,14,5p006u,0:14:14:19
26,256:487,54,381,330,60,H,L,221,1ma8ipd,0:221:10:15
26,256:488,54,451,330,19,H,L,27,1r9s3z,0:27:14:19
26,256:489,54,480,330,30,H,L,65,1b5xkb9,0:65:10:15
26,256:490,54,520,330,19,H,L,9,17kjvh1,0:9:14:19
26,256:491,54,549,330,54,H,L,96,f2brxu,0:96:12:18
26,256:493,410,181,330,19,H,L,17,z16vki,0:17:14:19
26,256:494,410,210,330,45,H,L,115,zm9kn8,0:115:10:15
26,256:495,410,265,330,19,H,L,44,1y4x00b,0:44:14:19
26,256:496,410,294,330,45,H,L,129,137vxls,0:129:10:15
26,256:497,410,349,330,19,H,L,17,o3mqw7,0:17:14:19
26,256:498,410,378,330,150,H,L,473,vl810s,0:473:10:15
27,256:500,54,56,400,34,H,L,20,guytcx,0:20:30:34
27,256:501,54,100.5,400,18,H,L,14,1ths9zx,0:14:12:18
27,256:502,54,122,400,18,H,L,59,11noau2,0:59:12:18
27,256:508,54,164,400,93,H,L,331,14lfzcn,0:174:10:15|174:228:12:18|228:331:10:15
27,256:509,54,267,400,15,H,L,10,5rwsih,0:10:10:15
27,256:510,54,292,400,75,H,L,247,1ivi2w3,0:247:10:15
27,256:511,54,377,400,19,H,L,29,1ynjucd,0:29:14:19
27,256:512,54,406,400,75,H,L,352,10w8cww,0:352:10:15
27,256:513,554,24,180,15,H,C,8,15lhnc4,0:8:11:15
27,256:514,454,535,300,15,H,L,37,1tzwir9,0:37:10:15
27,256:515,534,412,220,72,H,C,86,dwo6ru,0:86:12:18
28,256:519,54,24,180,15,H,L,8,15lhnc4,0:8:11:15
28,256:520,54,535,300,15,H,L,37,1tzwir9,0:37:10:15
28,256:521,54,56,686,34,H,L,20,guaxpd,0:20:30:34
28,256:522,54,95.8,686,18,H,L,14,1ths9zx,0:14:12:18
28,256:523,54,117,686,18,H,L,65,12jh5r8,0:65:12:18
28,256:526,54,150,330,19,H,L,28,ptewzw,0:28:14:19
28,256:527,54,179,330,68,H,L,164,cnkgs4,0:34:14:19|34:164:10:15
28,256:528,54,257,330,79,H,L,209,qvuquu,0:14:14:19|14:209:10:15
28,256:529,54,346,330,64,H,L,177,1sym9a,0:22:14:19|22:177:10:15
28,256:530,54,420,330,79,H,L,207,2wpa7y,0:23:14:19|23:207:10:15
28,256:532,410,178,330,79,H,L,201,vg4moc,0:25:14:19|25:201:10:15
28,256:533,410,267,330,79,H,L,230,12gg6qc,0:43:14:19|43:230:10:15
28,256:534,410,356,330,83,H,L,192,175ga6t,0:66:14:19|66:192:10:15
29,256:540,560,24,180,15,H,L,8,15lhnc4,0:8:11:15
29,256:541,440,535,300,15,H,L,37,1tzwir9,0:37:10:15
29,256:542,54,100,686,92,H,L,41,thmaiz,0:41:41:46
29,256:546,74,474,300,36,H,C,50,1q91rfg,0:50:12:18
29,256:547,404,474,300,36,H,C,58,6yv2qo,0:58:12:18
30,256:549,54,56,400,34,H,L,7,zp6eip,0:7:30:34
30,256:550,54,102,400,38,H,L,73,k3q7dq,0:73:14:19
30,256:555,554,24,180,15,H,C,8,15lhnc4,0:8:11:15
30,256:556,454,535,300,15,H,L,37,1tzwir9,0:37:10:15
30,256:558,88,482.2,400,18,H,L,14,neotvf,0:14:12:18
30,256:560,290,497.2,400,75,H,L,271,1ag6y13,0:271:10:15
30,256:561,54,155,389.8,105,H,L,320,1jayiir,0:320:10:15
30,357:4,54,227.8,436,18,H,L,13,it5n41,0:13:12:18
31,256:563,54,56,400,34,H,L,8,15l1o4l,0:8:30:34
31,256:564,54,102.2,400,19,H,L,39,12cu2wo,0:39:14:19
31,256:570,54,148,400,90,H,L,331,u79egd,0:331:10:15
31,256:571,54,248,400,19,H,L,46,l4vx9q,0:46:14:19
31,256:572,54,277,400,75,H,L,344,blm7tm,0:344:10:15
31,256:573,54,362,400,78,H,L,311,18zx299,0:46:12:18|46:311:10:15
31,256:574,54,450,400,19,H,C,30,1jkybqp,0:30:14:19
31,256:575,554,24,180,15,H,C,8,15lhnc4,0:8:11:15
31,256:576,454,535,300,15,H,L,37,1tzwir9,0:37:10:15
